fish_code,trial_id,experiment_month,cohort_id,silvering_stage,trial_order,experimental_condition,water_medium,temperature_c,tl_used_cm,bw_used_g,swimming_speed_m_s,swimming_speed_tl_s,mo2_mg_o2_kg_h,cot_mg_o2_kg_km,is_lowflow_0_1_m_s,is_active_speed,is_uopt_speed,used_for_active_metrics,speed_step_status,table_s2_uopt_m_s,table_s2_mincot_mg_o2_kg_km,table_s2_mo2_at_uopt_mg_o2_kg_h,uopt_position_flag,active_metrics_status,source_raw_mo2_row,source_raw_cot_row,notes
Eel 1,E01FW25,2012-09,2012,Y1,1,FW25,Freshwater,25,53.4,198,0.1,0.18726591760299627,64.27306439393912,178.5362899831642,True,False,False,False,lowflow_0.1_m_s,0.5,45.906832426832445,82.63229836829841,highest_observed_speed,boundary_estimate,7,8,
Eel 1,E01FW25,2012-09,2012,Y1,1,FW25,Freshwater,25,53.4,198,0.4,0.7490636704119851,99.88934848484838,69.36760311447803,False,True,False,True,active_measured,0.5,45.906832426832445,82.63229836829841,highest_observed_speed,boundary_estimate,7,8,
Eel 1,E01FW25,2012-09,2012,Y1,1,FW25,Freshwater,25,53.4,198,0.5,0.9363295880149812,82.63229836829841,45.906832426832445,False,True,True,True,uopt_speed,0.5,45.906832426832445,82.63229836829841,highest_observed_speed,boundary_estimate,7,8,Uopt/minCOT occurs at highest observed speed; treated as boundary_estimate in Table S2.
Eel 2,E02FW25,2012-09,2012,Y1,1,FW25,Freshwater,25,58.9,300,0.1,0.16977928692699493,69.57413582990155,193.26148841639318,True,False,False,False,lowflow_0.1_m_s,0.5,48.55484156912564,87.39871482442616,highest_observed_speed,boundary_estimate,8,9,
Eel 2,E02FW25,2012-09,2012,Y1,1,FW25,Freshwater,25,58.9,300,0.4,0.6791171477079797,95.26568071081947,66.15672271584684,False,True,False,True,active_measured,0.5,48.55484156912564,87.39871482442616,highest_observed_speed,boundary_estimate,8,9,
Eel 2,E02FW25,2012-09,2012,Y1,1,FW25,Freshwater,25,58.9,300,0.5,0.8488964346349746,87.39871482442616,48.55484156912564,False,True,True,True,uopt_speed,0.5,48.55484156912564,87.39871482442616,highest_observed_speed,boundary_estimate,8,9,Uopt/minCOT occurs at highest observed speed; treated as boundary_estimate in Table S2.
Eel 3,E03FW25,2012-09,2012,Y1,1,FW25,Freshwater,25,53.5,183,0.1,0.18691588785046728,81.45024918960108,226.2506921933363,True,False,False,False,lowflow_0.1_m_s,0.4,53.521699746666656,77.0712476352,lowest_active_speed,boundary_estimate,9,10,
Eel 3,E03FW25,2012-09,2012,Y1,1,FW25,Freshwater,25,53.5,183,0.4,0.7476635514018691,77.0712476352,53.521699746666656,False,True,True,True,uopt_speed,0.4,53.521699746666656,77.0712476352,lowest_active_speed,boundary_estimate,9,10,Uopt/minCOT occurs at lowest active speed; treated as boundary_estimate in Table S2.
Eel 3,E03FW25,2012-09,2012,Y1,1,FW25,Freshwater,25,53.5,183,0.5,0.9345794392523364,102.9295107141001,57.183061507833386,False,True,False,True,active_measured,0.4,53.521699746666656,77.0712476352,lowest_active_speed,boundary_estimate,9,10,
Eel 4,E04FW25,2012-09,2012,Y1,1,FW25,Freshwater,25,56.3,211,0.1,0.17761989342806397,52.87729265402807,146.88136848341128,True,False,False,False,lowflow_0.1_m_s,0.4,65.9357968009477,94.9475473933647,single_active_point,single_active_point,10,11,
Eel 4,E04FW25,2012-09,2012,Y1,1,FW25,Freshwater,25,56.3,211,0.4,0.7104795737122559,94.9475473933647,65.9357968009477,False,True,True,True,uopt_speed,0.4,65.9357968009477,94.9475473933647,single_active_point,single_active_point,10,11,Only one valid active speed point was available; active metrics status is single_active_point.
Eel 5,E05FW25,2012-09,2012,Y1,1,FW25,Freshwater,25,56.8,204,0.1,0.17605633802816903,51.897242647058725,144.15900735294088,True,False,False,False,lowflow_0.1_m_s,0.6,43.6173406862745,94.21345588235293,highest_observed_speed,boundary_estimate,11,12,
Eel 5,E05FW25,2012-09,2012,Y1,1,FW25,Freshwater,25,56.8,204,0.4,0.7042253521126761,75.05139705882392,52.119025735294386,False,True,False,True,active_measured,0.6,43.6173406862745,94.21345588235293,highest_observed_speed,boundary_estimate,11,12,
Eel 5,E05FW25,2012-09,2012,Y1,1,FW25,Freshwater,25,56.8,204,0.5,0.8802816901408451,92.2174080882354,51.231893382353,False,True,False,True,active_measured,0.6,43.6173406862745,94.21345588235293,highest_observed_speed,boundary_estimate,11,12,
Eel 5,E05FW25,2012-09,2012,Y1,1,FW25,Freshwater,25,56.8,204,0.6,1.0563380281690142,94.21345588235293,43.6173406862745,False,True,True,True,uopt_speed,0.6,43.6173406862745,94.21345588235293,highest_observed_speed,boundary_estimate,11,12,Uopt/minCOT occurs at highest observed speed; treated as boundary_estimate in Table S2.
Eel 6,E06FW25,2012-09,2012,Y2,1,FW25,Freshwater,25,62.7,347,0.1,0.1594896331738437,50.459167867435305,140.16435518732027,True,False,False,False,lowflow_0.1_m_s,0.5,59.69647528264242,107.45365550875636,highest_observed_speed,boundary_estimate,17,18,
Eel 6,E06FW25,2012-09,2012,Y2,1,FW25,Freshwater,25,62.7,347,0.4,0.6379585326953748,102.32649855907783,71.06006844380404,False,True,False,True,active_measured,0.5,59.69647528264242,107.45365550875636,highest_observed_speed,boundary_estimate,17,18,
Eel 6,E06FW25,2012-09,2012,Y2,1,FW25,Freshwater,25,62.7,347,0.5,0.7974481658692185,107.45365550875636,59.69647528264242,False,True,True,True,uopt_speed,0.5,59.69647528264242,107.45365550875636,highest_observed_speed,boundary_estimate,17,18,Uopt/minCOT occurs at highest observed speed; treated as boundary_estimate in Table S2.
Eel 7,E07FW25,2012-09,2012,Y2,1,FW25,Freshwater,25,70.3,570,0.1,0.1422475106685633,43.230800000000094,120.0855555555558,True,False,False,False,lowflow_0.1_m_s,0.8,35.35413559941525,101.81991052631594,interior_minimum,valid,18,19,
Eel 7,E07FW25,2012-09,2012,Y2,1,FW25,Freshwater,25,70.3,570,0.4,0.5689900426742532,62.42868815789476,43.35325566520469,False,True,False,True,active_measured,0.8,35.35413559941525,101.81991052631594,interior_minimum,valid,18,19,
Eel 7,E07FW25,2012-09,2012,Y2,1,FW25,Freshwater,25,70.3,570,0.5,0.7112375533428166,80.3357781376519,44.63098785425105,False,True,False,True,active_measured,0.8,35.35413559941525,101.81991052631594,interior_minimum,valid,18,19,
Eel 7,E07FW25,2012-09,2012,Y2,1,FW25,Freshwater,25,70.3,570,0.6,0.8534850640113798,87.17263289473678,40.35770041422999,False,True,False,True,active_measured,0.8,35.35413559941525,101.81991052631594,interior_minimum,valid,18,19,
Eel 7,E07FW25,2012-09,2012,Y2,1,FW25,Freshwater,25,70.3,570,0.7,0.9957325746799431,100.39784473684213,39.840414578111954,False,True,False,True,active_measured,0.8,35.35413559941525,101.81991052631594,interior_minimum,valid,18,19,
Eel 7,E07FW25,2012-09,2012,Y2,1,FW25,Freshwater,25,70.3,570,0.8,1.1379800853485065,101.81991052631594,35.35413559941525,False,True,True,True,uopt_speed,0.8,35.35413559941525,101.81991052631594,interior_minimum,valid,18,19,Uopt/minCOT occurs at an interior observed active speed.
Eel 7,E07FW25,2012-09,2012,Y2,1,FW25,Freshwater,25,70.3,570,0.9,1.2802275960170697,157.5648894736842,48.631138726445734,False,True,False,True,active_measured,0.8,35.35413559941525,101.81991052631594,interior_minimum,valid,18,19,
Eel 7,E07FW25,2012-09,2012,Y2,1,FW25,Freshwater,25,70.3,570,1.0,1.4224751066856332,218.9981315789479,60.83281432748552,False,True,False,True,active_measured,0.8,35.35413559941525,101.81991052631594,interior_minimum,valid,18,19,
Eel 7,E07FW25,2012-09,2012,Y2,1,FW25,Freshwater,25,70.3,570,1.1,1.5647226173541966,226.3928736842104,57.169917597022824,False,True,False,True,active_measured,0.8,35.35413559941525,101.81991052631594,interior_minimum,valid,18,19,
Eel 7,E07FW25,2012-09,2012,Y2,1,FW25,Freshwater,25,70.3,570,1.2,1.7069701280227596,210.844954385965,48.806702404158564,False,True,False,True,active_measured,0.8,35.35413559941525,101.81991052631594,interior_minimum,valid,18,19,
Eel 7,E07FW25,2012-09,2012,Y2,1,FW25,Freshwater,25,70.3,570,1.3,1.849217638691323,310.5791684210531,66.3630701754387,False,True,False,True,active_measured,0.8,35.35413559941525,101.81991052631594,interior_minimum,valid,18,19,
Eel 8,E08FW25,2012-09,2012,Y2,1,FW25,Freshwater,25,66.8,310,0.1,0.14970059880239522,62.066655736490375,172.40737704580658,True,False,False,False,lowflow_0.1_m_s,0.4,48.53396214677416,69.88890549135479,lowest_active_speed,boundary_estimate,19,20,
Eel 8,E08FW25,2012-09,2012,Y2,1,FW25,Freshwater,25,66.8,310,0.4,0.5988023952095809,69.88890549135479,48.53396214677416,False,True,True,True,uopt_speed,0.4,48.53396214677416,69.88890549135479,lowest_active_speed,boundary_estimate,19,20,Uopt/minCOT occurs at lowest active speed; treated as boundary_estimate in Table S2.
Eel 8,E08FW25,2012-09,2012,Y2,1,FW25,Freshwater,25,66.8,310,0.5,0.7485029940119762,101.9958649034515,56.66436939080639,False,True,False,True,active_measured,0.4,48.53396214677416,69.88890549135479,lowest_active_speed,boundary_estimate,19,20,
Eel 8,E08FW25,2012-09,2012,Y2,1,FW25,Freshwater,25,66.8,310,0.6,0.8982035928143713,122.44617707574199,56.68804494247314,False,True,False,True,active_measured,0.4,48.53396214677416,69.88890549135479,lowest_active_speed,boundary_estimate,19,20,
Eel 10,E10FW25,2012-09,2012,Y2,1,FW25,Freshwater,25,69.3,414,0.1,0.14430014430014432,44.65361413043471,124.03781702898529,True,False,False,False,lowflow_0.1_m_s,0.7,31.22412008281574,78.68478260869567,interior_minimum,valid,21,22,
Eel 10,E10FW25,2012-09,2012,Y2,1,FW25,Freshwater,25,69.3,414,0.4,0.5772005772005773,64.5215217391302,44.80661231884041,False,True,False,True,active_measured,0.7,31.22412008281574,78.68478260869567,interior_minimum,valid,21,22,
Eel 10,E10FW25,2012-09,2012,Y2,1,FW25,Freshwater,25,69.3,414,0.5,0.7215007215007215,66.09521739130435,36.7195652173913,False,True,False,True,active_measured,0.7,31.22412008281574,78.68478260869567,interior_minimum,valid,21,22,
Eel 10,E10FW25,2012-09,2012,Y2,1,FW25,Freshwater,25,69.3,414,0.6,0.8658008658008658,76.32423913043472,35.335295893719774,False,True,False,True,active_measured,0.7,31.22412008281574,78.68478260869567,interior_minimum,valid,21,22,
Eel 10,E10FW25,2012-09,2012,Y2,1,FW25,Freshwater,25,69.3,414,0.7,1.0101010101010102,78.68478260869567,31.22412008281574,False,True,True,True,uopt_speed,0.7,31.22412008281574,78.68478260869567,interior_minimum,valid,21,22,Uopt/minCOT occurs at an interior observed active speed.
Eel 10,E10FW25,2012-09,2012,Y2,1,FW25,Freshwater,25,69.3,414,0.8,1.1544011544011545,91.04953416149063,31.61442158385091,False,True,False,True,active_measured,0.7,31.22412008281574,78.68478260869567,interior_minimum,valid,21,22,
Eel 10,E10FW25,2012-09,2012,Y2,1,FW25,Freshwater,25,69.3,414,0.9,1.298701298701299,117.04361413043486,36.124572262479894,False,True,False,True,active_measured,0.7,31.22412008281574,78.68478260869567,interior_minimum,valid,21,22,
Eel 10,E10FW25,2012-09,2012,Y2,1,FW25,Freshwater,25,69.3,414,1.0,1.443001443001443,127.469347826087,35.40815217391305,False,True,False,True,active_measured,0.7,31.22412008281574,78.68478260869567,interior_minimum,valid,21,22,
Eel 1,E01FW18,2012-10,2012,Y1,2,FW18,Freshwater,18,53.4,198,0.1,0.18726591760299627,35.35133507454619,98.19815298485052,True,False,False,False,lowflow_0.1_m_s,,,,not_estimable,not_estimable,2,3,
Eel 2,E02FW18,2012-10,2012,Y1,2,FW18,Freshwater,18,58.9,300,0.1,0.16977928692699493,96.9445468426231,269.2904078961752,True,False,False,False,lowflow_0.1_m_s,0.5,25.399743640436938,45.71953855278649,interior_minimum,valid,3,4,
Eel 2,E02FW18,2012-10,2012,Y1,2,FW18,Freshwater,18,58.9,300,0.4,0.6791171477079797,70.01549957114786,48.621874702186005,False,True,False,True,active_measured,0.5,25.399743640436938,45.71953855278649,interior_minimum,valid,3,4,
Eel 2,E02FW18,2012-10,2012,Y1,2,FW18,Freshwater,18,58.9,300,0.5,0.8488964346349746,45.71953855278649,25.399743640436938,False,True,True,True,uopt_speed,0.5,25.399743640436938,45.71953855278649,interior_minimum,valid,3,4,Uopt/minCOT occurs at an interior observed active speed.
Eel 2,E02FW18,2012-10,2012,Y1,2,FW18,Freshwater,18,58.9,300,0.6,1.0186757215619695,91.11985856655676,42.185119706739236,False,True,False,True,active_measured,0.5,25.399743640436938,45.71953855278649,interior_minimum,valid,3,4,
Eel 2,E02FW18,2012-10,2012,Y1,2,FW18,Freshwater,18,58.9,300,0.7,1.1884550084889642,66.86383875672136,26.533269347905303,False,True,False,True,active_measured,0.5,25.399743640436938,45.71953855278649,interior_minimum,valid,3,4,
Eel 3,E03FW18,2012-10,2012,Y1,2,FW18,Freshwater,18,53.5,183,0.1,0.18691588785046728,30.85,85.69444444444444,True,False,False,False,lowflow_0.1_m_s,,,,not_estimable,not_estimable,4,5,
Eel 4,E04FW18,2012-09,2012,Y1,2,FW18,Freshwater,18,56.3,211,0.1,0.17761989342806397,39.12518598824654,108.68107218957371,True,False,False,False,lowflow_0.1_m_s,,,,not_estimable,not_estimable,5,6,
Eel 5,E05FW18,2012-09,2012,Y1,2,FW18,Freshwater,18,56.8,204,0.1,0.17605633802816903,50.83442420911798,141.20673391421658,True,False,False,False,lowflow_0.1_m_s,0.8,14.553563677083371,41.914263390000116,interior_minimum,valid,6,7,
Eel 5,E05FW18,2012-09,2012,Y1,2,FW18,Freshwater,18,56.8,204,0.4,0.7042253521126761,83.72098560794073,58.139573338847725,False,True,False,True,active_measured,0.8,14.553563677083371,41.914263390000116,interior_minimum,valid,6,7,
Eel 5,E05FW18,2012-09,2012,Y1,2,FW18,Freshwater,18,56.8,204,0.5,0.8802816901408451,74.80072012588197,41.55595562548998,False,True,False,True,active_measured,0.8,14.553563677083371,41.914263390000116,interior_minimum,valid,6,7,
Eel 5,E05FW18,2012-09,2012,Y1,2,FW18,Freshwater,18,56.8,204,0.6,1.0563380281690142,65.55814511647043,30.35099310947705,False,True,False,True,active_measured,0.8,14.553563677083371,41.914263390000116,interior_minimum,valid,6,7,
Eel 5,E05FW18,2012-09,2012,Y1,2,FW18,Freshwater,18,56.8,204,0.7,1.2323943661971832,64.05351067411763,25.41805979131652,False,True,False,True,active_measured,0.8,14.553563677083371,41.914263390000116,interior_minimum,valid,6,7,
Eel 5,E05FW18,2012-09,2012,Y1,2,FW18,Freshwater,18,56.8,204,0.8,1.4084507042253522,41.914263390000116,14.553563677083371,False,True,True,True,uopt_speed,0.8,14.553563677083371,41.914263390000116,interior_minimum,valid,6,7,Uopt/minCOT occurs at an interior observed active speed.
Eel 5,E05FW18,2012-09,2012,Y1,2,FW18,Freshwater,18,56.8,204,0.9,1.5845070422535212,150.31803252235252,46.394454482207564,False,True,False,True,active_measured,0.8,14.553563677083371,41.914263390000116,interior_minimum,valid,6,7,
Eel 5,E05FW18,2012-09,2012,Y1,2,FW18,Freshwater,18,56.8,204,1.0,1.7605633802816902,63.08632043470555,17.523977898529317,False,True,False,True,active_measured,0.8,14.553563677083371,41.914263390000116,interior_minimum,valid,6,7,
Eel 6,E06FW18,2012-10,2012,Y2,2,FW18,Freshwater,18,62.7,347,0.1,0.1594896331738437,29.44,81.77777777777777,True,False,False,False,lowflow_0.1_m_s,,,,not_estimable,not_estimable,12,13,
Eel 7,E07FW18,2012-10,2012,Y2,2,FW18,Freshwater,18,70.3,570,0.1,0.1422475106685633,24.35,67.63888888888889,True,False,False,False,lowflow_0.1_m_s,,,,not_estimable,not_estimable,13,14,
Eel 8,E08FW18,2012-10,2012,Y2,2,FW18,Freshwater,18,66.8,310,0.1,0.14970059880239522,36.53,101.47222222222221,True,False,False,False,lowflow_0.1_m_s,0.4,23.888888888888886,34.4,single_active_point,single_active_point,14,15,
Eel 8,E08FW18,2012-10,2012,Y2,2,FW18,Freshwater,18,66.8,310,0.4,0.5988023952095809,34.4,23.888888888888886,False,True,True,True,uopt_speed,0.4,23.888888888888886,34.4,single_active_point,single_active_point,14,15,Only one valid active speed point was available; active metrics status is single_active_point.
Eel 9,E09FW18,2012-09,2012,Y2,2,FW18,Freshwater,18,65.3,440,0.1,0.1531393568147014,30.35523773999966,84.32010483333238,True,False,False,False,lowflow_0.1_m_s,,,,not_estimable,not_estimable,15,16,
Eel 10,E10FW18,2012-09,2012,Y2,2,FW18,Freshwater,18,69.3,414,0.1,0.14430014430014432,38.97825800869543,108.27293891304284,True,False,False,False,lowflow_0.1_m_s,0.7,14.009545118012397,35.30405369739124,interior_minimum,valid,16,17,
Eel 10,E10FW18,2012-09,2012,Y2,2,FW18,Freshwater,18,69.3,414,0.4,0.5772005772005773,40.14971572695635,27.881747032608573,False,True,False,True,active_measured,0.7,14.009545118012397,35.30405369739124,interior_minimum,valid,16,17,
Eel 10,E10FW18,2012-09,2012,Y2,2,FW18,Freshwater,18,69.3,414,0.5,0.7215007215007215,37.59376099304345,20.885422773913028,False,True,False,True,active_measured,0.7,14.009545118012397,35.30405369739124,interior_minimum,valid,16,17,
Eel 10,E10FW18,2012-09,2012,Y2,2,FW18,Freshwater,18,69.3,414,0.6,0.8658008658008658,54.02994262956517,25.01386232850239,False,True,False,True,active_measured,0.7,14.009545118012397,35.30405369739124,interior_minimum,valid,16,17,
Eel 10,E10FW18,2012-09,2012,Y2,2,FW18,Freshwater,18,69.3,414,0.7,1.0101010101010102,35.30405369739124,14.009545118012397,False,True,True,True,uopt_speed,0.7,14.009545118012397,35.30405369739124,interior_minimum,valid,16,17,Uopt/minCOT occurs at an interior observed active speed.
Eel 10,E10FW18,2012-09,2012,Y2,2,FW18,Freshwater,18,69.3,414,0.8,1.1544011544011545,72.52509928695659,25.18232614130437,False,True,False,True,active_measured,0.7,14.009545118012397,35.30405369739124,interior_minimum,valid,16,17,
Eel 10,E10FW18,2012-09,2012,Y2,2,FW18,Freshwater,18,69.3,414,0.9,1.298701298701299,74.83254262956534,23.0964637745572,False,True,False,True,active_measured,0.7,14.009545118012397,35.30405369739124,interior_minimum,valid,16,17,
Eel 12,E12SW18,2012-01,2011,Y2,1,SW18,Seawater,18,75.4,713,0.1,0.13262599469496023,41.65297425795253,115.70270627209034,True,False,False,False,lowflow_0.1_m_s,0.5,54.324749207966356,97.78454857433944,interior_minimum,valid,23,24,
Eel 12,E12SW18,2012-01,2011,Y2,1,SW18,Seawater,18,75.4,713,0.4,0.5305039787798409,84.78497638310245,58.87845582159891,False,True,False,True,active_measured,0.5,54.324749207966356,97.78454857433944,interior_minimum,valid,23,24,
Eel 12,E12SW18,2012-01,2011,Y2,1,SW18,Seawater,18,75.4,713,0.5,0.6631299734748011,97.78454857433944,54.324749207966356,False,True,True,True,uopt_speed,0.5,54.324749207966356,97.78454857433944,interior_minimum,valid,23,24,Uopt/minCOT occurs at an interior observed active speed.
Eel 12,E12SW18,2012-01,2011,Y2,1,SW18,Seawater,18,75.4,713,0.6,0.7957559681697612,133.7132261415989,61.90427136185134,False,True,False,True,active_measured,0.5,54.324749207966356,97.78454857433944,interior_minimum,valid,23,24,
Eel 12,E12SW18,2012-01,2011,Y2,1,SW18,Seawater,18,75.4,713,0.7,0.9283819628647214,137.3108898506592,54.48844835343619,False,True,False,True,active_measured,0.5,54.324749207966356,97.78454857433944,interior_minimum,valid,23,24,
Eel 12,E12SW18,2012-01,2011,Y2,1,SW18,Seawater,18,75.4,713,0.8,1.0610079575596818,176.6153891874193,61.32478791229836,False,True,False,True,active_measured,0.5,54.324749207966356,97.78454857433944,interior_minimum,valid,23,24,
Eel 13,E13SW18,2012-01,2011,Y2,1,SW18,Seawater,18,79.5,862,0.1,0.12578616352201258,59.325434904988334,164.7928747360787,True,False,False,False,lowflow_0.1_m_s,0.6,50.40420752030172,108.87308824385171,highest_observed_speed,boundary_estimate,24,25,
Eel 13,E13SW18,2012-01,2011,Y2,1,SW18,Seawater,18,79.5,862,0.4,0.5031446540880503,80.62890135034817,55.99229260440845,False,True,False,True,active_measured,0.6,50.40420752030172,108.87308824385171,highest_observed_speed,boundary_estimate,24,25,
Eel 13,E13SW18,2012-01,2011,Y2,1,SW18,Seawater,18,79.5,862,0.5,0.6289308176100629,96.02176933503465,53.34542740835258,False,True,False,True,active_measured,0.6,50.40420752030172,108.87308824385171,highest_observed_speed,boundary_estimate,24,25,
Eel 13,E13SW18,2012-01,2011,Y2,1,SW18,Seawater,18,79.5,862,0.6,0.7547169811320754,108.87308824385171,50.40420752030172,False,True,True,True,uopt_speed,0.6,50.40420752030172,108.87308824385171,highest_observed_speed,boundary_estimate,24,25,Uopt/minCOT occurs at highest observed speed; treated as boundary_estimate in Table S2.
Eel 14,E14SW18,2012-01,2011,Y2,1,SW18,Seawater,18,77.6,718,0.1,0.1288659793814433,48.33594207325913,134.26650575905313,True,False,False,False,lowflow_0.1_m_s,0.4,45.167619093837054,65.04137149512536,lowest_active_speed,boundary_estimate,25,26,
Eel 14,E14SW18,2012-01,2011,Y2,1,SW18,Seawater,18,77.6,718,0.4,0.5154639175257733,65.04137149512536,45.167619093837054,False,True,True,True,uopt_speed,0.4,45.167619093837054,65.04137149512536,lowest_active_speed,boundary_estimate,25,26,Uopt/minCOT occurs at lowest active speed; treated as boundary_estimate in Table S2.
Eel 14,E14SW18,2012-01,2011,Y2,1,SW18,Seawater,18,77.6,718,0.5,0.6443298969072165,132.39719159164375,73.55399532869097,False,True,False,True,active_measured,0.4,45.167619093837054,65.04137149512536,lowest_active_speed,boundary_estimate,25,26,
Eel 14,E14SW18,2012-01,2011,Y2,1,SW18,Seawater,18,77.6,718,0.6,0.7731958762886598,157.0250942072419,72.69680287372309,False,True,False,True,active_measured,0.4,45.167619093837054,65.04137149512536,lowest_active_speed,boundary_estimate,25,26,
Eel 15,E15SW18,2012-01,2011,Y2,1,SW18,Seawater,18,78.2,777,0.1,0.1278772378516624,66.98648729820337,186.07357582834268,True,False,False,False,lowflow_0.1_m_s,0.4,55.098437677489564,79.34175025558498,lowest_active_speed,boundary_estimate,26,27,
Eel 15,E15SW18,2012-01,2011,Y2,1,SW18,Seawater,18,78.2,777,0.4,0.5115089514066496,79.34175025558498,55.098437677489564,False,True,True,True,uopt_speed,0.4,55.098437677489564,79.34175025558498,lowest_active_speed,boundary_estimate,26,27,Uopt/minCOT occurs at lowest active speed; treated as boundary_estimate in Table S2.
Eel 15,E15SW18,2012-01,2011,Y2,1,SW18,Seawater,18,78.2,777,0.5,0.639386189258312,106.49360620892762,59.16311456051534,False,True,False,True,active_measured,0.4,55.098437677489564,79.34175025558498,lowest_active_speed,boundary_estimate,26,27,
Eel 15,E15SW18,2012-01,2011,Y2,1,SW18,Seawater,18,78.2,777,0.6,0.7672634271099744,130.1919301506684,60.27404173642056,False,True,False,True,active_measured,0.4,55.098437677489564,79.34175025558498,lowest_active_speed,boundary_estimate,26,27,
Eel 16,E16SW18,2012-01,2011,Y2,1,SW18,Seawater,18,73.0,615,0.1,0.13698630136986303,61.19018093755778,169.97272482654935,True,False,False,False,lowflow_0.1_m_s,0.5,46.823101706710176,84.28158307207832,interior_minimum,valid,27,28,
Eel 16,E16SW18,2012-01,2011,Y2,1,SW18,Seawater,18,73.0,615,0.4,0.5479452054794521,85.22179116910156,59.18179942298719,False,True,False,True,active_measured,0.5,46.823101706710176,84.28158307207832,interior_minimum,valid,27,28,
Eel 16,E16SW18,2012-01,2011,Y2,1,SW18,Seawater,18,73.0,615,0.5,0.684931506849315,84.28158307207832,46.823101706710176,False,True,True,True,uopt_speed,0.5,46.823101706710176,84.28158307207832,interior_minimum,valid,27,28,Uopt/minCOT occurs at an interior observed active speed.
Eel 16,E16SW18,2012-01,2011,Y2,1,SW18,Seawater,18,73.0,615,0.6,0.821917808219178,118.1541127757293,54.70097813691171,False,True,False,True,active_measured,0.5,46.823101706710176,84.28158307207832,interior_minimum,valid,27,28,
Eel 16,E16SW18,2012-01,2011,Y2,1,SW18,Seawater,18,73.0,615,0.7,0.958904109589041,139.2846009311552,55.2716670361727,False,True,False,True,active_measured,0.5,46.823101706710176,84.28158307207832,interior_minimum,valid,27,28,
Eel 16,E16SW18,2012-01,2011,Y2,1,SW18,Seawater,18,73.0,615,0.8,1.0958904109589043,159.43361982855987,55.35889577380551,False,True,False,True,active_measured,0.5,46.823101706710176,84.28158307207832,interior_minimum,valid,27,28,
Eel 16,E16SW18,2012-01,2011,Y2,1,SW18,Seawater,18,73.0,615,0.9,1.2328767123287672,184.62005358553077,56.981498020225544,False,True,False,True,active_measured,0.5,46.823101706710176,84.28158307207832,interior_minimum,valid,27,28,
Eel 17,E17SW18,2012-01,2011,Y2,1,SW18,Seawater,18,70.0,529,0.1,0.14285714285714288,68.09807774634166,189.16132707317126,True,False,False,False,lowflow_0.1_m_s,0.5,58.75375228292684,105.75675410926831,interior_minimum,valid,28,29,
Eel 17,E17SW18,2012-01,2011,Y2,1,SW18,Seawater,18,70.0,529,0.4,0.5714285714285715,92.73835879024377,64.40163804878038,False,True,False,True,active_measured,0.5,58.75375228292684,105.75675410926831,interior_minimum,valid,28,29,
Eel 17,E17SW18,2012-01,2011,Y2,1,SW18,Seawater,18,70.0,529,0.5,0.7142857142857143,105.75675410926831,58.75375228292684,False,True,True,True,uopt_speed,0.5,58.75375228292684,105.75675410926831,interior_minimum,valid,28,29,Uopt/minCOT occurs at an interior observed active speed.
Eel 17,E17SW18,2012-01,2011,Y2,1,SW18,Seawater,18,70.0,529,0.6,0.8571428571428572,168.62379180878034,78.06657028184274,False,True,False,True,active_measured,0.5,58.75375228292684,105.75675410926831,interior_minimum,valid,28,29,
Eel 17,E17SW18,2012-01,2011,Y2,1,SW18,Seawater,18,70.0,529,0.7,1.0,195.13402494146314,77.434136881533,False,True,False,True,active_measured,0.5,58.75375228292684,105.75675410926831,interior_minimum,valid,28,29,
Eel 17,E17SW18,2012-01,2011,Y2,1,SW18,Seawater,18,70.0,529,0.8,1.142857142857143,201.90357160975597,70.10540680894304,False,True,False,True,active_measured,0.5,58.75375228292684,105.75675410926831,interior_minimum,valid,28,29,
Eel 18,E18SW18,2012-01,2011,S1,1,SW18,Seawater,18,78.5,825,0.1,0.12738853503184713,41.50051084276363,115.27919678545452,True,False,False,False,lowflow_0.1_m_s,0.4,55.228150101818116,79.5285361466181,lowest_active_speed,boundary_estimate,29,30,
Eel 18,E18SW18,2012-01,2011,S1,1,SW18,Seawater,18,78.5,825,0.4,0.5095541401273885,79.5285361466181,55.228150101818116,False,True,True,True,uopt_speed,0.4,55.228150101818116,79.5285361466181,lowest_active_speed,boundary_estimate,29,30,Uopt/minCOT occurs at lowest active speed; treated as boundary_estimate in Table S2.
Eel 18,E18SW18,2012-01,2011,S1,1,SW18,Seawater,18,78.5,825,0.5,0.6369426751592356,101.17513909527291,56.20841060848495,False,True,False,True,active_measured,0.4,55.228150101818116,79.5285361466181,lowest_active_speed,boundary_estimate,29,30,
Eel 18,E18SW18,2012-01,2011,S1,1,SW18,Seawater,18,78.5,825,0.6,0.7643312101910827,124.2192161280001,57.5088963555556,False,True,False,True,active_measured,0.4,55.228150101818116,79.5285361466181,lowest_active_speed,boundary_estimate,29,30,
Eel 18,E18SW18,2012-01,2011,S1,1,SW18,Seawater,18,78.5,825,0.7,0.8917197452229298,150.7040221418184,59.803183389610474,False,True,False,True,active_measured,0.4,55.228150101818116,79.5285361466181,lowest_active_speed,boundary_estimate,29,30,
Eel 18,E18SW18,2012-01,2011,S1,1,SW18,Seawater,18,78.5,825,0.8,1.019108280254777,168.91341449890928,58.6504911454546,False,True,False,True,active_measured,0.4,55.228150101818116,79.5285361466181,lowest_active_speed,boundary_estimate,29,30,
Eel 18,E18SW18,2012-01,2011,S1,1,SW18,Seawater,18,78.5,825,0.9,1.1464968152866242,206.65561532072766,63.782597321212236,False,True,False,True,active_measured,0.4,55.228150101818116,79.5285361466181,lowest_active_speed,boundary_estimate,29,30,
Eel 19,E19SW18,2012-01,2011,S1,1,SW18,Seawater,18,80.3,914,0.1,0.12453300124533002,49.57642077321668,137.71227992560188,True,False,False,False,lowflow_0.1_m_s,0.8,76.86257812294853,221.36422499409178,interior_minimum,valid,30,31,
Eel 19,E19SW18,2012-01,2011,S1,1,SW18,Seawater,18,80.3,914,0.4,0.4981320049813201,114.06014817794316,79.20843623468274,False,True,False,True,active_measured,0.8,76.86257812294853,221.36422499409178,interior_minimum,valid,30,31,
Eel 19,E19SW18,2012-01,2011,S1,1,SW18,Seawater,18,80.3,914,0.5,0.6226650062266501,200.14996841684888,111.19442689824938,False,True,False,True,active_measured,0.8,76.86257812294853,221.36422499409178,interior_minimum,valid,30,31,
Eel 19,E19SW18,2012-01,2011,S1,1,SW18,Seawater,18,80.3,914,0.6,0.7471980074719801,198.66878372954048,91.97628876367614,False,True,False,True,active_measured,0.8,76.86257812294853,221.36422499409178,interior_minimum,valid,30,31,
Eel 19,E19SW18,2012-01,2011,S1,1,SW18,Seawater,18,80.3,914,0.7,0.8717310087173101,199.24214704463913,79.06434406533299,False,True,False,True,active_measured,0.8,76.86257812294853,221.36422499409178,interior_minimum,valid,30,31,
Eel 19,E19SW18,2012-01,2011,S1,1,SW18,Seawater,18,80.3,914,0.8,0.9962640099626402,221.36422499409178,76.86257812294853,False,True,True,True,uopt_speed,0.8,76.86257812294853,221.36422499409178,interior_minimum,valid,30,31,Uopt/minCOT occurs at an interior observed active speed.
Eel 19,E19SW18,2012-01,2011,S1,1,SW18,Seawater,18,80.3,914,0.9,1.1207970112079702,251.65667203326046,77.67181235594458,False,True,False,True,active_measured,0.8,76.86257812294853,221.36422499409178,interior_minimum,valid,30,31,
Eel 20,E20SW18,2012-01,2011,S1,1,SW18,Seawater,18,77.5,747,0.1,0.12903225806451613,41.979622976024146,116.61006382228928,True,False,False,False,lowflow_0.1_m_s,0.6,45.2423744216867,97.72352875084327,interior_minimum,valid,31,32,
Eel 20,E20SW18,2012-01,2011,S1,1,SW18,Seawater,18,77.5,747,0.4,0.5161290322580645,69.85158281783127,48.50804362349393,False,True,False,True,active_measured,0.6,45.2423744216867,97.72352875084327,interior_minimum,valid,31,32,
Eel 20,E20SW18,2012-01,2011,S1,1,SW18,Seawater,18,77.5,747,0.5,0.6451612903225806,83.10076729590367,46.1670929421687,False,True,False,True,active_measured,0.6,45.2423744216867,97.72352875084327,interior_minimum,valid,31,32,
Eel 20,E20SW18,2012-01,2011,S1,1,SW18,Seawater,18,77.5,747,0.6,0.7741935483870968,97.72352875084327,45.2423744216867,False,True,True,True,uopt_speed,0.6,45.2423744216867,97.72352875084327,interior_minimum,valid,31,32,Uopt/minCOT occurs at an interior observed active speed.
Eel 20,E20SW18,2012-01,2011,S1,1,SW18,Seawater,18,77.5,747,0.7,0.9032258064516128,115.49404527831301,45.83097034853691,False,True,False,True,active_measured,0.6,45.2423744216867,97.72352875084327,interior_minimum,valid,31,32,
Eel 21,E21SW18,2012-01,2011,S1,1,SW18,Seawater,18,73.2,720,0.1,0.1366120218579235,42.235808149500045,117.32168930416678,True,False,False,False,lowflow_0.1_m_s,0.6,43.172180577662026,93.25191004774999,interior_minimum,valid,32,33,
Eel 21,E21SW18,2012-01,2011,S1,1,SW18,Seawater,18,73.2,720,0.4,0.546448087431694,78.45808632075014,54.48478216718759,False,True,False,True,active_measured,0.6,43.172180577662026,93.25191004774999,interior_minimum,valid,32,33,
Eel 21,E21SW18,2012-01,2011,S1,1,SW18,Seawater,18,73.2,720,0.5,0.6830601092896175,79.05097013625004,43.91720563125002,False,True,False,True,active_measured,0.6,43.172180577662026,93.25191004774999,interior_minimum,valid,32,33,
Eel 21,E21SW18,2012-01,2011,S1,1,SW18,Seawater,18,73.2,720,0.6,0.819672131147541,93.25191004774999,43.172180577662026,False,True,True,True,uopt_speed,0.6,43.172180577662026,93.25191004774999,interior_minimum,valid,32,33,Uopt/minCOT occurs at an interior observed active speed.
Eel 21,E21SW18,2012-01,2011,S1,1,SW18,Seawater,18,73.2,720,0.7,0.9562841530054644,157.36788973400013,62.44757529126989,False,True,False,True,active_measured,0.6,43.172180577662026,93.25191004774999,interior_minimum,valid,32,33,
Eel 21,E21SW18,2012-01,2011,S1,1,SW18,Seawater,18,73.2,720,0.8,1.092896174863388,157.42437831799984,54.661242471527714,False,True,False,True,active_measured,0.6,43.172180577662026,93.25191004774999,interior_minimum,valid,32,33,
Eel 21,E21SW18,2012-01,2011,S1,1,SW18,Seawater,18,73.2,720,0.9,1.2295081967213115,204.96786914649985,63.261688008178965,False,True,False,True,active_measured,0.6,43.172180577662026,93.25191004774999,interior_minimum,valid,32,33,
Eel 22,E22SW18,2012-01,2011,S1,1,SW18,Seawater,18,81.5,906,0.1,0.1226993865030675,46.113058422913916,128.09182895253863,True,False,False,False,lowflow_0.1_m_s,0.7,29.99588625291706,75.58963335735099,interior_minimum,valid,33,34,
Eel 22,E22SW18,2012-01,2011,S1,1,SW18,Seawater,18,81.5,906,0.4,0.49079754601227,69.9071031361588,48.54659940011027,False,True,False,True,active_measured,0.7,29.99588625291706,75.58963335735099,interior_minimum,valid,33,34,
Eel 22,E22SW18,2012-01,2011,S1,1,SW18,Seawater,18,81.5,906,0.5,0.6134969325153374,82.05400091125824,45.58555606181013,False,True,False,True,active_measured,0.7,29.99588625291706,75.58963335735099,interior_minimum,valid,33,34,
Eel 22,E22SW18,2012-01,2011,S1,1,SW18,Seawater,18,81.5,906,0.6,0.7361963190184049,85.16528879602672,39.428374442604955,False,True,False,True,active_measured,0.7,29.99588625291706,75.58963335735099,interior_minimum,valid,33,34,
Eel 22,E22SW18,2012-01,2011,S1,1,SW18,Seawater,18,81.5,906,0.7,0.8588957055214724,75.58963335735099,29.99588625291706,False,True,True,True,uopt_speed,0.7,29.99588625291706,75.58963335735099,interior_minimum,valid,33,34,Uopt/minCOT occurs at an interior observed active speed.
Eel 22,E22SW18,2012-01,2011,S1,1,SW18,Seawater,18,81.5,906,0.8,0.98159509202454,119.21205062463571,41.39307313355406,False,True,False,True,active_measured,0.7,29.99588625291706,75.58963335735099,interior_minimum,valid,33,34,
Eel 22,E22SW18,2012-01,2011,S1,1,SW18,Seawater,18,81.5,906,0.9,1.1042944785276074,130.6254365014568,40.316492747363206,False,True,False,True,active_measured,0.7,29.99588625291706,75.58963335735099,interior_minimum,valid,33,34,
Eel 22,E22SW18,2012-01,2011,S1,1,SW18,Seawater,18,81.5,906,1.0,1.2269938650306749,190.25561277297993,52.84878132582776,False,True,False,True,active_measured,0.7,29.99588625291706,75.58963335735099,interior_minimum,valid,33,34,
Eel 23,E23SW18,2012-01,2011,S1,1,SW18,Seawater,18,83.0,977,0.1,0.12048192771084339,74.89727671983626,208.04799088843401,True,False,False,False,lowflow_0.1_m_s,0.6,41.97459624701469,90.66512789355173,highest_observed_speed,boundary_estimate,34,35,
Eel 23,E23SW18,2012-01,2011,S1,1,SW18,Seawater,18,83.0,977,0.4,0.48192771084337355,78.30168946784033,54.37617324155578,False,True,False,True,active_measured,0.6,41.97459624701469,90.66512789355173,highest_observed_speed,boundary_estimate,34,35,
Eel 23,E23SW18,2012-01,2011,S1,1,SW18,Seawater,18,83.0,977,0.5,0.6024096385542169,88.99277178153541,49.44042876751967,False,True,False,True,active_measured,0.6,41.97459624701469,90.66512789355173,highest_observed_speed,boundary_estimate,34,35,
Eel 23,E23SW18,2012-01,2011,S1,1,SW18,Seawater,18,83.0,977,0.6,0.7228915662650602,90.66512789355173,41.97459624701469,False,True,True,True,uopt_speed,0.6,41.97459624701469,90.66512789355173,highest_observed_speed,boundary_estimate,34,35,Uopt/minCOT occurs at highest observed speed; treated as boundary_estimate in Table S2.
Eel 24,E24SW18,2012-01,2011,S1,1,SW18,Seawater,18,93.0,1366,0.1,0.10752688172043011,48.87688185645678,135.7691162679355,True,False,False,False,lowflow_0.1_m_s,0.5,40.82097654333827,73.47775777800888,interior_minimum,valid,35,36,
Eel 24,E24SW18,2012-01,2011,S1,1,SW18,Seawater,18,93.0,1366,0.4,0.43010752688172044,60.07749653345537,41.720483703788446,False,True,False,True,active_measured,0.5,40.82097654333827,73.47775777800888,interior_minimum,valid,35,36,
Eel 24,E24SW18,2012-01,2011,S1,1,SW18,Seawater,18,93.0,1366,0.5,0.5376344086021505,73.47775777800888,40.82097654333827,False,True,True,True,uopt_speed,0.5,40.82097654333827,73.47775777800888,interior_minimum,valid,35,36,Uopt/minCOT occurs at an interior observed active speed.
Eel 24,E24SW18,2012-01,2011,S1,1,SW18,Seawater,18,93.0,1366,0.6,0.6451612903225806,93.63141210603959,43.347875975018326,False,True,False,True,active_measured,0.5,40.82097654333827,73.47775777800888,interior_minimum,valid,35,36,
Eel 25,E25SW18,2012-01,2011,S1,1,SW18,Seawater,18,91.0,1060,0.1,0.10989010989010989,47.073320367622586,130.75922324339606,True,False,False,False,lowflow_0.1_m_s,0.4,50.45382049457544,72.65350151218864,lowest_active_speed,boundary_estimate,36,37,
Eel 25,E25SW18,2012-01,2011,S1,1,SW18,Seawater,18,91.0,1060,0.4,0.43956043956043955,72.65350151218864,50.45382049457544,False,True,True,True,uopt_speed,0.4,50.45382049457544,72.65350151218864,lowest_active_speed,boundary_estimate,36,37,Uopt/minCOT occurs at lowest active speed; treated as boundary_estimate in Table S2.
Eel 25,E25SW18,2012-01,2011,S1,1,SW18,Seawater,18,91.0,1060,0.5,0.5494505494505494,91.64326893464143,50.912927185911904,False,True,False,True,active_measured,0.4,50.45382049457544,72.65350151218864,lowest_active_speed,boundary_estimate,36,37,
Eel 25,E25SW18,2012-01,2011,S1,1,SW18,Seawater,18,91.0,1060,0.6,0.6593406593406593,110.78518657924532,51.28943823113209,False,True,False,True,active_measured,0.4,50.45382049457544,72.65350151218864,lowest_active_speed,boundary_estimate,36,37,
